Unnamed:_0,Model,Colour,Memory,RAM,Battery,Rear_Camera,Front_Camera,AI_Lens,Mobile_Height,Processor,Price
0,Infinix SMART 7,Night Black,64.0,4.0,6000.0,13.0,5.0,1.0,16.76,Unisoc Spreadtrum SC9863A1,7299.0
1,Infinix SMART 7,Azure Blue,64.0,4.0,6000.0,13.0,5.0,1.0,16.76,Unisoc Spreadtrum SC9863A1,7299.0
2,MOTOROLA G32,Mineral Gray,128.0,8.0,5000.0,50.0,16.0,0.0,16.64,Qualcomm Snapdragon 680,11999.0
3,POCO C50,Royal Blue,32.0,2.0,5000.0,8.0,5.0,0.0,16.56,Mediatek Helio A22,5649.0
4,Infinix HOT 30i,Marigold,128.0,8.0,5000.0,50.0,5.0,1.0,16.76,G37,8999.0
5,Infinix HOT 30i,Glacier Blue,128.0,8.0,5000.0,50.0,5.0,1.0,16.76,G37,8999.0
6,Infinix HOT 30i,Mirror Black,128.0,8.0,5000.0,50.0,5.0,1.0,16.76,G37,8999.0
7,Infinix HOT 30i,Diamond White,128.0,8.0,5000.0,50.0,5.0,1.0,16.76,G37,8999.0
8,Infinix HOT 30i,Diamond White,64.0,4.0,5000.0,50.0,5.0,1.0,16.76,G37,7999.0
9,Infinix HOT 30i,Mirror Black,64.0,4.0,5000.0,50.0,5.0,1.0,16.76,G37,7999.0
10,REDMI 10,Shadow Black,64.0,4.0,6000.0,50.0,5.0,0.0,17.02,Qualcomm Snapdragon 680,9499.0
11,Infinix HOT 30i,Glacier Blue,64.0,4.0,5000.0,50.0,5.0,1.0,16.76,G37,7999.0
12,Infinix SMART 7,Emerald Green,64.0,4.0,6000.0,13.0,5.0,1.0,16.76,Unisoc Spreadtrum SC9863A1,7299.0
13,SAMSUNG Galaxy F13,Waterfall Blue,128.0,4.0,6000.0,50.0,8.0,0.0,16.76,Exynos 850,10699.0
14,SAMSUNG Galaxy F04,Opal Green,64.0,4.0,5000.0,13.0,5.0,0.0,16.51,Mediatek Helio P35,7299.0
15,POCO C51,Royal Blue,64.0,4.0,5000.0,8.0,5.0,0.0,16.56,Helio G36,6999.0
16,Infinix HOT 30i,Marigold,64.0,4.0,5000.0,50.0,5.0,1.0,16.76,G37,7999.0
17,POCO C51,Power Black,64.0,4.0,5000.0,8.0,5.0,0.0,16.56,Helio G36,6999.0
18,POCO C50,Country Green,32.0,2.0,5000.0,8.0,5.0,0.0,16.56,Mediatek Helio A22,5649.0
19,MOTOROLA e13,Cosmic Black,64.0,4.0,5000.0,13.0,5.0,0.0,16.51,Unisoc T606,7299.0
20,vivo T2x 5G,Aurora Gold,128.0,8.0,5000.0,50.0,8.0,0.0,16.71,Dimensity 6020,15999.0
21,vivo T2x 5G,Marine Blue,128.0,8.0,5000.0,50.0,8.0,0.0,16.71,Dimensity 6020,15999.0
22,vivo T2x 5G,Glimmer Black,128.0,8.0,5000.0,50.0,8.0,0.0,16.71,Dimensity 6020,15999.0
23,vivo T2x 5G,Marine Blue,128.0,6.0,5000.0,50.0,8.0,0.0,16.71,Dimensity 6020,13999.0
24,vivo T2x 5G,Glimmer Black,128.0,4.0,5000.0,50.0,8.0,0.0,16.71,Dimensity 6020,12999.0
25,vivo T2x 5G,Glimmer Black,128.0,6.0,5000.0,50.0,8.0,0.0,16.71,Dimensity 6020,13999.0
26,vivo T2x 5G,Marine Blue,128.0,4.0,5000.0,50.0,8.0,0.0,16.71,Dimensity 6020,12999.0
27,vivo T2x 5G,Marine Blue,128.0,6.0,5000.0,50.0,8.0,0.0,16.71,Dimensity 6020,13999.0
28,Infinix Smart 7 HD,Green Apple,64.0,2.0,5000.0,8.0,5.0,1.0,16.76,Spreadtrum SC9863A1,6199.0
29,REDMI A1+,Black,32.0,3.0,5000.0,8.0,5.0,0.0,16.56,Mediatek Helio A22,6599.0
30,REDMI A1+,Light Blue,32.0,3.0,5000.0,8.0,5.0,0.0,16.56,Mediatek Helio A22,6599.0
31,POCO C55,Power Black,64.0,4.0,5000.0,50.0,5.0,0.0,17.04,Mediatek Helio G85,7749.0
32,REDMI A1+,Light Green,32.0,3.0,5000.0,8.0,5.0,0.0,16.56,Mediatek Helio A22,6599.0
33,POCO C55,Cool Blue,64.0,4.0,5000.0,50.0,5.0,0.0,17.04,Mediatek Helio G85,7749.0
34,POCO C55,Forest Green,64.0,4.0,5000.0,50.0,5.0,0.0,17.04,Mediatek Helio G85,7749.0
35,POCO C55,Cool Blue,128.0,6.0,5000.0,50.0,5.0,0.0,17.04,Mediatek Helio G85,8999.0
36,SAMSUNG Galaxy F13,Nightsky Green,64.0,4.0,6000.0,50.0,8.0,0.0,16.76,Exynos 850,9699.0
37,SAMSUNG Galaxy F13,Nightsky Green,128.0,4.0,6000.0,50.0,8.0,0.0,16.76,Exynos 850,10699.0
38,MOTOROLA g13,Matte Charcoal,128.0,4.0,5000.0,50.0,8.0,0.0,16.51,Helio G85,9999.0
39,POCO M4 5G,Cool Blue,64.0,4.0,5000.0,50.0,8.0,0.0,16.71,Mediatek Dimensity 700,11999.0
40,MOTOROLA e32,Eco Black,64.0,4.0,5000.0,50.0,8.0,0.0,16.51,Mediatek Helio G37,7999.0
41,REDMI 10,Caribbean Green,128.0,6.0,6000.0,50.0,5.0,0.0,17.02,Qualcomm Snapdragon 680,10999.0
42,SAMSUNG Galaxy F04,Jade Purple,64.0,4.0,5000.0,13.0,5.0,0.0,16.51,Mediatek Helio P35,7299.0
43,MOTOROLA G32,Satin Silver,128.0,8.0,5000.0,50.0,16.0,0.0,16.64,Qualcomm Snapdragon 680,11999.0
44,REDMI 10,Sunrise Orange,64.0,4.0,6000.0,50.0,5.0,0.0,17.02,Qualcomm Snapdragon 680,9499.0
45,SAMSUNG Galaxy F13,Sunrise Copper,128.0,4.0,6000.0,50.0,8.0,0.0,16.76,Exynos 850,10699.0
46,MOTOROLA e32,Arctic Blue,64.0,4.0,5000.0,50.0,8.0,0.0,16.51,Mediatek Helio G37,7999.0
47,MOTOROLA g13,Lavender Blue,128.0,4.0,5000.0,50.0,8.0,0.0,16.51,Helio G85,9999.0
48,MOTOROLA e32,Arctic Blue,64.0,4.0,5000.0,50.0,8.0,0.0,16.51,Mediatek Helio G37,7999.0
49,POCO C55,Power Black,128.0,6.0,5000.0,50.0,5.0,0.0,17.04,Mediatek Helio G85,8999.0
50,vivo T2 5G,Velocity Wave,128.0,8.0,4500.0,40.0,16.0,0.0,16.21,Snapdragon 695,20999.0
51,vivo T2 5G,Nitro Blaze,128.0,8.0,4500.0,40.0,16.0,0.0,16.21,Snapdragon 695,20999.0
52,MOTOROLA G62 5G,Frosted Blue,128.0,6.0,5000.0,50.0,16.0,0.0,16.64,Qualcomm Snapdragon 695 5G,15499.0
53,POCO C50,Royal Blue,32.0,2.0,5000.0,8.0,5.0,0.0,16.56,Mediatek Helio A22,6999.0
54,vivo T2 5G,Nitro Blaze,128.0,6.0,4500.0,32.0,16.0,0.0,16.21,Snapdragon 695,18999.0
55,vivo T2 5G,Velocity Wave,128.0,6.0,4500.0,32.0,16.0,0.0,16.21,Snapdragon 695,18999.0
56,POCO M5,Yellow,64.0,4.0,5000.0,50.0,8.0,0.0,16.71,Mediatek Helio G99,12499.0
57,MOTOROLA G62 5G,Midnight Gray,128.0,6.0,5000.0,50.0,16.0,0.0,16.64,Qualcomm Snapdragon 695 5G,15499.0
58,POCO M4 5G,Power Black,64.0,4.0,5000.0,50.0,8.0,0.0,16.71,Mediatek Dimensity 700,11999.0
59,SAMSUNG Galaxy F13,Waterfall Blue,64.0,4.0,6000.0,50.0,8.0,0.0,16.76,Exynos 850,9699.0
60,SAMSUNG Galaxy F13,Sunrise Copper,64.0,4.0,6000.0,50.0,8.0,0.0,16.76,Exynos 850,9699.0
61,POCO M5,Power Black,64.0,4.0,5000.0,50.0,8.0,0.0,16.71,Mediatek Helio G99,12499.0
62,MOTOROLA e13,Creamy White,64.0,4.0,5000.0,13.0,5.0,0.0,16.51,Unisoc T606,7299.0
63,realme C33 2023,Sandy Gold,128.0,4.0,5000.0,50.0,5.0,0.0,16.51,Unisoc T612,10499.0
64,realme C33 2023,Aqua Blue,128.0,4.0,5000.0,50.0,5.0,0.0,16.51,Unisoc T612,10499.0
65,SAMSUNG Galaxy F14 5G,GOAT Green,128.0,6.0,6000.0,50.0,13.0,0.0,16.76,"Exynos 1330, Octa Core ",14490.0
66,MOTOROLA g73 5G,Midnight Blue,128.0,8.0,5000.0,50.0,16.0,0.0,16.51,Mediatek Dimensity 930,16999.0
67,realme C33 2023,Night Sea,128.0,4.0,5000.0,50.0,5.0,0.0,16.51,Unisoc T612,10499.0
68,realme C30,Bamboo Green,32.0,3.0,5000.0,8.0,5.0,0.0,16.51,Unisoc T612,6499.0
69,realme C30,Lake Blue,32.0,3.0,5000.0,8.0,5.0,0.0,16.51,Unisoc T612,6499.0
70,realme C30,Denim Black,32.0,2.0,5000.0,8.0,5.0,0.0,16.51,Unisoc T612,5999.0
71,realme C30,Denim Black,32.0,3.0,5000.0,8.0,5.0,0.0,16.51,Unisoc T612,6499.0
72,POCO X5 5G,Wildcat Blue,128.0,6.0,5000.0,48.0,13.0,0.0,16.94,Qualcomm Snapdragon 695,15999.0
73,REDMI A1+,Light Blue,32.0,2.0,5000.0,8.0,5.0,0.0,16.56,Mediatek Helio A22,6299.0
74,POCO M4 Pro,Yellow,128.0,8.0,5000.0,64.0,16.0,0.0,16.33,Mediatek Helio G96,13999.0
75,MOTOROLA G62 5G,Midnight Gray,128.0,8.0,5000.0,50.0,16.0,0.0,41.94,Qualcomm Snapdragon 695 5G,16499.0
76,POCO C50,Royal Blue,32.0,3.0,5000.0,8.0,5.0,0.0,16.56,Mediatek Helio A22,6299.0
77,POCO M5,Icy Blue,128.0,6.0,5000.0,50.0,8.0,0.0,16.71,Mediatek Helio G99,14499.0
78,REDMI 11 Prime,Flashy Black,64.0,4.0,5000.0,50.0,8.0,0.0,16.71,Helio G99,9999.0
79,realme C55,Sunshower,128.0,8.0,5000.0,64.0,8.0,0.0,17.07,Helio G88,13999.0
80,realme C55,Rainy Night,128.0,8.0,5000.0,64.0,8.0,0.0,17.07,Helio G88,13999.0
81,realme C55,Sunshower,64.0,6.0,5000.0,64.0,8.0,0.0,17.07,Helio G88,11999.0
82,realme C55,Rainforest,128.0,8.0,5000.0,64.0,8.0,0.0,17.07,Helio G88,13999.0
83,realme C55,Rainy Night,64.0,6.0,5000.0,64.0,8.0,0.0,17.07,Helio G88,11999.0
84,realme C55,Rainforest,64.0,6.0,5000.0,64.0,8.0,0.0,17.07,Helio G88,11999.0
85,realme C55,Sunshower,64.0,4.0,5000.0,64.0,8.0,0.0,17.07,Helio G88,10999.0
86,realme C55,Rainforest,64.0,4.0,5000.0,64.0,8.0,0.0,17.07,Helio G88,10999.0
87,realme C55,Rainy Night,64.0,4.0,5000.0,64.0,8.0,0.0,17.07,Helio G88,10999.0
88,MOTOROLA G62 5G,Frosted Blue,128.0,8.0,5000.0,50.0,16.0,0.0,41.94,Qualcomm Snapdragon 695 5G,16499.0
89,SAMSUNG Galaxy F14 5G,B.A.E. Purple,128.0,6.0,6000.0,50.0,13.0,0.0,16.76,"Exynos 1330, Octa Core ",14490.0
90,SAMSUNG Galaxy F14 5G,B.A.E. Purple,128.0,4.0,6000.0,50.0,13.0,0.0,16.76,"Exynos 1330, Octa Core ",13490.0
91,SAMSUNG Galaxy F14 5G,B.A.E. Purple,128.0,4.0,6000.0,50.0,13.0,0.0,16.76,"Exynos 1330, Octa Core ",13490.0
92,REDMI 10,Caribbean Green,64.0,4.0,6000.0,50.0,5.0,0.0,17.02,Qualcomm Snapdragon 680,9499.0
93,REDMI 11 Prime,Peppy Purple,64.0,4.0,5000.0,50.0,8.0,0.0,16.71,Helio G99,9999.0
94,MOTOROLA g73 5G,Lucent White,128.0,8.0,5000.0,50.0,16.0,0.0,16.51,Mediatek Dimensity 930,16999.0
95,POCO M5,Icy Blue,64.0,4.0,5000.0,50.0,8.0,0.0,16.71,Mediatek Helio G99,12499.0
96,realme 10 Pro 5G,Dark Matter,128.0,8.0,5000.0,108.0,16.0,0.0,17.07,Qualcomm Snapdragon 695 5G,19999.0
97,realme 10 Pro 5G,Nebula Blue,128.0,6.0,5000.0,108.0,16.0,0.0,17.07,Qualcomm Snapdragon 695 5G,18999.0
98,Micromax IN 2C,Nebula Blue,128.0,6.0,800.0,0.0,0.0,0.0,4.5,SC6531E,1449.0
99,POCO M5,Power Black,128.0,6.0,5000.0,50.0,8.0,0.0,16.71,Mediatek Helio G99,14499.0
100,POCO M5,Yellow,128.0,6.0,5000.0,50.0,8.0,0.0,16.71,Mediatek Helio G99,14499.0
101,POCO M4 Pro 5G,Yellow,128.0,8.0,5000.0,50.0,16.0,0.0,16.76,Mediatek Dimensity 810,15999.0
102,realme 10 Pro 5G,Hyperspace,128.0,8.0,5000.0,108.0,16.0,0.0,17.07,Qualcomm Snapdragon 695 5G,19999.0
103,realme 10 Pro 5G,Dark Matter,128.0,6.0,5000.0,108.0,16.0,0.0,17.07,Qualcomm Snapdragon 695 5G,18999.0
104,realme 10 Pro 5G,Nebula Blue,128.0,8.0,5000.0,108.0,16.0,0.0,17.07,Qualcomm Snapdragon 695 5G,19999.0
105,realme 10 Pro 5G,Hyperspace,128.0,6.0,5000.0,108.0,16.0,0.0,17.07,Qualcomm Snapdragon 695 5G,18999.0
106,POCO C50,Country Green,32.0,3.0,5000.0,8.0,5.0,0.0,16.56,Mediatek Helio A22,6299.0
107,realme Narzo 30 Pro 5G,Blade Silver,128.0,8.0,5000.0,48.0,16.0,0.0,16.51,MediaTek Dimensity 800U,15999.0
108,micromax 2,Blade Silver,128.0,8.0,1900.0,2.0,0.0,0.0,7.11,SC6531E,1849.0
109,Infinix Note 12 Pro 5G,Force Black,128.0,8.0,5000.0,108.0,16.0,0.0,17.02,Mediatek Dimensity 810 5G,15999.0
110,Infinix Note 12 Pro 5G,Snowfall,128.0,8.0,5000.0,108.0,16.0,0.0,17.02,Mediatek Dimensity 810 5G,15999.0
111,POCO X5 5G,Supernova Green,128.0,6.0,5000.0,48.0,13.0,0.0,16.94,Qualcomm Snapdragon 695,15999.0
112,SAMSUNG Galaxy F14 5G,GOAT Green,128.0,4.0,6000.0,50.0,13.0,0.0,16.76,"Exynos 1330, Octa Core ",13490.0
113,SAMSUNG Galaxy F23 5G,Aqua Blue,128.0,6.0,5000.0,50.0,8.0,0.0,16.76,Qualcomm Snapdragon 750G,16999.0
114,REDMI 10,Pacific Blue,128.0,6.0,6000.0,50.0,5.0,0.0,17.02,Qualcomm Snapdragon 680,10999.0
115,SAMSUNG Galaxy F14 5G,OMG Black,128.0,4.0,6000.0,50.0,13.0,0.0,16.76,"Exynos 1330, Octa Core ",13490.0
116,micromax,OMG Black,128.0,4.0,1000.0,0.0,0.0,0.0,4.5,SC6531E,1422.0
117,MOTOROLA Edge 40,Eclipse Black,256.0,8.0,4400.0,50.0,32.0,0.0,16.64,Dimensity 8020,29999.0
118,micromax 1,Eclipse Black,256.0,8.0,800.0,0.0,0.0,0.0,4.5,SC6531E,1299.0
119,POCO M4 5G,Yellow,64.0,4.0,5000.0,50.0,8.0,0.0,16.71,Mediatek Dimensity 700,11999.0
120,POCO M4 5G,Yellow,128.0,6.0,5000.0,50.0,8.0,0.0,16.71,Mediatek Dimensity 700,13999.0
121,REDMI 10,Midnight Black,64.0,4.0,6000.0,50.0,5.0,0.0,17.02,Qualcomm Snapdragon 680,9499.0
122,Infinix Smart 7 HD,Ink Black,64.0,2.0,5000.0,8.0,5.0,1.0,16.76,Spreadtrum SC9863A1,6199.0
123,Infinix Smart 7 HD,Silk Blue,64.0,2.0,5000.0,8.0,5.0,1.0,16.76,Spreadtrum SC9863A1,6199.0
124,Infinix Smart 7 HD,Jade White,64.0,2.0,5000.0,8.0,5.0,1.0,16.76,Spreadtrum SC9863A1,6199.0
125,realme Narzo 30,Racing Silver,128.0,6.0,5000.0,48.0,16.0,0.0,16.51,MediaTek Helio G95,12499.0
126,Infinix NOTE 12i,Alpine White,64.0,4.0,5000.0,50.0,8.0,0.0,17.02,Mediatek Helio G85,9999.0
127,POCO X5 5G,Jaguar Black,256.0,8.0,5000.0,48.0,13.0,0.0,16.94,Qualcomm Snapdragon 695,17999.0
128,realme 10,Rush Black,64.0,4.0,5000.0,50.0,16.0,0.0,16.26,Mediatek Helio G99 Octa Core,12499.0
129,realme 8i,Space Black,64.0,4.0,5000.0,50.0,16.0,0.0,16.76,MediaTek Helio G96,11499.0
130,SAMSUNG Galaxy F14 5G,OMG Black,128.0,6.0,6000.0,50.0,13.0,0.0,16.76,"Exynos 1330, Octa Core ",14490.0
131,REDMI A1+,Light Green,32.0,2.0,5000.0,8.0,5.0,0.0,16.56,Mediatek Helio A22,6299.0
132,SAMSUNG Galaxy F14 5G,OMG Black,128.0,6.0,6000.0,50.0,13.0,0.0,16.76,"Exynos 1330, Octa Core ",14490.0
133,Micromax 3,OMG Black,128.0,4.0,1020.0,2.0,0.0,0.0,6.1,MediaTek,2615.0
134,realme Narzo 30,Racing Blue,128.0,6.0,5000.0,48.0,16.0,0.0,16.51,MediaTek Helio G95,12499.0
135,Google Pixel 6a,Chalk,128.0,6.0,4410.0,12.0,8.0,0.0,15.6,Google Tensor,28999.0
136,Google Pixel 6a,Charcoal,128.0,6.0,4410.0,12.0,8.0,0.0,15.6,Google Tensor,28999.0
137,REDMI A1+,Black,32.0,2.0,5000.0,8.0,5.0,0.0,16.56,Mediatek Helio A22,6299.0
138,Infinix HOT 20 5G,Blaster Green,64.0,4.0,5000.0,50.0,8.0,1.0,16.76,Dimensity 810,11499.0
139,Infinix NOTE 12i,Metaverse Blue,64.0,4.0,5000.0,50.0,8.0,0.0,17.02,Mediatek Helio G85,9999.0
140,realme GT 2,Steel Black,128.0,8.0,5000.0,50.0,16.0,0.0,16.81,Qualcomm Snapdragon 888,23999.0
141,realme GT 2,Paper White,128.0,8.0,5000.0,50.0,16.0,0.0,16.81,Qualcomm Snapdragon 888,23999.0
142,realme 10,Clash White,64.0,4.0,5000.0,50.0,16.0,0.0,16.26,Mediatek Helio G99 Octa Core,12499.0
143,REDMI Note 12,Sunrise Gold,64.0,6.0,5000.0,50.0,13.0,0.0,16.94,Snapdragon 685,14999.0
144,Infinix HOT 20 5G,Space Blue,64.0,4.0,5000.0,50.0,8.0,1.0,16.76,Dimensity 810,11499.0
145,REDMI Note 12 5G,Frosted Green,128.0,6.0,5000.0,48.0,13.0,0.0,16.94,Qualcomm Snapdragon 4 Gen 1,18999.0
146,REDMI Note 12 5G,Matte Black,128.0,6.0,5000.0,48.0,13.0,0.0,16.94,Qualcomm Snapdragon 4 Gen 1,18999.0
147,REDMI Note 12 5G,Mystique Blue,128.0,6.0,5000.0,48.0,13.0,0.0,16.94,Qualcomm Snapdragon 4 Gen 1,18999.0
148,Infinix NOTE 12i,Force Black,64.0,4.0,5000.0,50.0,8.0,0.0,17.02,Mediatek Helio G85,9999.0
149,REDMI Note 12 5G,Matte Black,128.0,4.0,5000.0,48.0,13.0,0.0,16.94,Qualcomm Snapdragon 4 Gen 1,16999.0
150,REDMI Note 12 5G,Mystique Blue,128.0,4.0,5000.0,48.0,13.0,0.0,16.94,Qualcomm Snapdragon 4 Gen 1,16999.0
151,Infinix HOT 20 5G,Racing Black,64.0,4.0,5000.0,50.0,8.0,1.0,16.76,Dimensity 810,11499.0
152,micromax 3,Racing Black,64.0,4.0,800.0,2.0,0.0,0.0,5.08,0 0 0 208MHz,2490.0
153,SAMSUNG Galaxy M04,Dark Blue,64.0,4.0,5000.0,13.0,5.0,0.0,16.51,MediaTek Helio P35,7961.0
154,MOTOROLA Edge 40,Nebula Green,256.0,8.0,4400.0,50.0,32.0,0.0,16.64,Dimensity 8020,29999.0
155,micromax 2,Nebula Green,256.0,8.0,800.0,0.0,0.0,0.0,4.5,SC6531E,1299.0
156,micromax 3,Nebula Green,256.0,4.0,1020.0,2.0,0.0,0.0,6.1,MediaTek,2499.0
157,REDMI 11 Prime,Flashy Black,128.0,6.0,5000.0,50.0,8.0,0.0,16.71,Helio G99,11999.0
158,REDMI 11 Prime,Peppy Purple,128.0,6.0,5000.0,50.0,8.0,0.0,16.71,Helio G99,11999.0
159,REDMI K50i 5G,Stealth Black,256.0,8.0,5080.0,64.0,16.0,0.0,16.76,Dimensity 8100,23999.0
160,MOTOROLA e40,Carbon Gray,64.0,4.0,5000.0,48.0,8.0,0.0,16.51,UNISOC T700,8999.0
161,REDMI 9 Activ,Coral Green,128.0,6.0,5000.0,13.0,5.0,0.0,16.59,Mediatek Helio G35,9499.0
162,REDMI Note 12,Ice Blue,64.0,6.0,5000.0,50.0,13.0,0.0,16.94,Snapdragon 685,14999.0
163,SAMSUNG Galaxy F23 5G,Copper Blush,128.0,6.0,5000.0,50.0,8.0,0.0,16.76,Qualcomm Snapdragon 750G,16999.0
164,MOTOROLA g42,Atlantic Green,64.0,4.0,5000.0,50.0,16.0,0.0,16.43,Qualcomm Snapdragon 680,11248.0
165,realme C25s,Watery Grey,128.0,4.0,6000.0,13.0,8.0,0.0,16.51,MediaTek Helio G85,9999.0
166,POCO X5 Pro 5G,Horizon Blue,256.0,8.0,5000.0,108.0,16.0,0.0,16.94,Qualcomm Snapdragon 778G,23999.0
167,realme 8i,Space Purple,128.0,6.0,5000.0,50.0,16.0,0.0,16.76,MediaTek Helio G96,17999.0
168,realme 10,Clash White,128.0,8.0,5000.0,50.0,16.0,0.0,16.26,Mediatek Helio G99 Octa Core,15499.0
169,MOTOROLA e13,Cosmic Black,64.0,2.0,5000.0,13.0,5.0,0.0,16.51,Unisoc T606,6799.0
170,SAMSUNG Galaxy F23 5G,Forest Green,128.0,6.0,5000.0,50.0,8.0,0.0,16.76,Qualcomm Snapdragon 750G,16999.0
171,POCO M3 Pro 5G,Yellow,128.0,6.0,5000.0,48.0,8.0,0.0,16.51,MediaTek Dimensity 700,14499.0
172,Infinix Smart 6 HD,Force Black,32.0,2.0,5000.0,8.0,5.0,0.0,16.76,Mediatek Helio A22,5999.0
173,Infinix Smart 6 HD,Aqua Sky,32.0,2.0,5000.0,8.0,5.0,0.0,16.76,Mediatek Helio A22,5999.0
174,Infinix Smart 6 HD,Origin Blue,32.0,2.0,5000.0,8.0,5.0,0.0,16.76,Mediatek Helio A22,5999.0
175,POCO X5 Pro 5G,Astral Black,256.0,8.0,5000.0,108.0,16.0,0.0,16.94,Qualcomm Snapdragon 778G,23999.0
176,REDMI Note 12 5G,Frosted Green,128.0,4.0,5000.0,48.0,13.0,0.0,16.94,Qualcomm Snapdragon 4 Gen 1,16999.0
177,REDMI Note 12,Lunar Black,64.0,6.0,5000.0,50.0,13.0,0.0,16.94,Snapdragon 685,14999.0
178,Infinix Hot 20 5G,Blaster Green,128.0,6.0,5000.0,50.0,8.0,1.0,16.76,Dimensity 810,13499.0
179,realme C31,Dark Green,64.0,4.0,5000.0,13.0,5.0,0.0,16.56,Unisoc T612,8749.0
180,realme C31,Light Silver,32.0,3.0,5000.0,13.0,5.0,0.0,16.56,Unisoc T612,8049.0
181,micromax,Light Silver,32.0,3.0,2550.0,0.0,0.0,0.0,4.5,SC6531E,1375.0
182,micromax1,Light Silver,32.0,3.0,800.0,0.0,0.0,0.0,4.5,SC6531E,1599.0
183,OPPO A17,Lake Blue,64.0,4.0,5000.0,50.0,5.0,0.0,16.66,Mediatek Helio G35,12499.0
184,realme 9 5G SE,Azure Glow,128.0,8.0,5000.0,48.0,16.0,0.0,16.76,Qualcomm Snapdragon 778G,17999.0
185,realme 9 5G SE,Starry Glow,128.0,8.0,5000.0,48.0,16.0,0.0,16.76,Qualcomm Snapdragon 778G,17999.0
186,realme 9i 5G,Soulful Blue,128.0,6.0,5000.0,50.0,8.0,0.0,16.76,Mediatek Dimensity 810 5G,16999.0
187,realme 9i 5G,Rocking Black,64.0,4.0,5000.0,50.0,8.0,0.0,16.76,Mediatek Dimensity 810 5G,14999.0
188,POCO M4 Pro,Cool Blue,128.0,8.0,5000.0,64.0,16.0,0.0,16.33,Mediatek Helio G96,13999.0
189,realme C33 2023,Sandy Gold,64.0,4.0,5000.0,50.0,5.0,0.0,16.51,Unisoc T612,9999.0
190,realme C33 2023,Aqua Blue,64.0,4.0,5000.0,50.0,5.0,0.0,16.51,Unisoc T612,9999.0
191,realme C33 2023,Night Sea,64.0,4.0,5000.0,50.0,5.0,0.0,16.51,Unisoc T612,9999.0
192,realme C31,Dark Green,32.0,3.0,5000.0,13.0,5.0,0.0,16.56,Unisoc T612,8049.0
193,micromax 2,Dark Green,32.0,4.0,1020.0,2.0,0.0,0.0,6.1,MediaTek,2499.0
194,Infinix Hot 20 5G,Space Blue,128.0,6.0,5000.0,50.0,8.0,1.0,16.76,Dimensity 810,13499.0
195,realme 9i 5G,Metallica Gold,128.0,6.0,5000.0,50.0,8.0,0.0,16.76,Mediatek Dimensity 810 5G,16999.0
196,realme 9i 5G,Rocking Black,128.0,6.0,5000.0,50.0,8.0,0.0,16.76,Mediatek Dimensity 810 5G,16999.0
197,realme 9i 5G,Soulful Blue,64.0,4.0,5000.0,50.0,8.0,0.0,16.76,Mediatek Dimensity 810 5G,14999.0
198,realme C21Y,Cross Black,32.0,3.0,5000.0,13.0,5.0,0.0,16.51,Unisoc T610,7499.0
199,realme Narzo 50i Prime,Dark Blue,32.0,3.0,5000.0,8.0,5.0,0.0,16.51,Unisoc T612 processor,7245.0
200,POCO X5 5G,Wildcat Blue,256.0,8.0,5000.0,48.0,13.0,0.0,16.94,Qualcomm Snapdragon 695,17999.0
201,REDMI Note 12 Pro 5G,Stardust Purple,256.0,8.0,5000.0,50.0,16.0,0.0,16.94,Mediatek Dimensity 1080,26999.0
202,REDMI Note 12 Pro 5G,Stardust Purple,128.0,6.0,5000.0,50.0,16.0,0.0,16.94,Mediatek Dimensity 1080,23999.0
203,realme C31,Light Silver,64.0,4.0,5000.0,13.0,5.0,0.0,16.56,Unisoc T612,8749.0
204,POCO X5 Pro 5G,Horizon Blue,128.0,6.0,5000.0,108.0,16.0,0.0,16.94,Qualcomm Snapdragon 778G,21999.0
205,Infinix Zero 5G 2023,Submariner Black,128.0,8.0,5000.0,50.0,16.0,0.0,17.22,Mediatek Dimensity 920,15999.0
206,POCO X4 Pro 5G,Yellow,128.0,6.0,5000.0,64.0,16.0,0.0,16.94,Qualcomm Snapdragon 695 5G,17499.0
207,MOTOROLA g82 5G,Meterorite Grey,128.0,8.0,5000.0,50.0,16.0,0.0,16.76,Qualcomm Snapdragon 695 5G,21499.0
208,realme 9i 5G,Metallica Gold,64.0,4.0,5000.0,50.0,8.0,0.0,16.76,Mediatek Dimensity 810 5G,14999.0
209,REDMI Note 12 Pro+ 5G,Iceberg Blue,256.0,8.0,4980.0,200.0,16.0,0.0,16.94,Mediatek Dimensity 1080,29999.0
210,vivo T1 44W,Midnight Galaxy,128.0,8.0,5000.0,50.0,16.0,0.0,16.36,Qualcomm Snapdragon 680,17999.0
211,vivo T1 44W,Ice Dawn,128.0,8.0,5000.0,50.0,16.0,0.0,16.36,Qualcomm Snapdragon 680,17999.0
212,vivo T1 44W,Starry Sky,128.0,6.0,5000.0,50.0,16.0,0.0,16.36,Qualcomm Snapdragon 680,15999.0
213,vivo T1 44W,Midnight Galaxy,128.0,4.0,5000.0,50.0,16.0,0.0,16.36,Qualcomm Snapdragon 680,14499.0
214,vivo T1 44W,Ice Dawn,128.0,6.0,5000.0,50.0,16.0,0.0,16.36,Qualcomm Snapdragon 680,15999.0
215,MOTOROLA g82 5G,White Lily,128.0,8.0,5000.0,50.0,16.0,0.0,16.76,Qualcomm Snapdragon 695 5G,21499.0
216,MOTOROLA g31,Baby Blue,128.0,6.0,5000.0,50.0,13.0,0.0,16.26,Mediatek Helio G85,12999.0
217,REDMI Note 12 Pro+ 5G,Obsidian Black,256.0,8.0,4980.0,200.0,16.0,0.0,16.94,Mediatek Dimensity 1080,29999.0
218,realme narzo 50i Prime,Mint Green,32.0,3.0,5000.0,8.0,5.0,0.0,16.51,Unisoc Tiger T612 (12 nm),7115.0
219,MOTOROLA e13,Aurora Green,64.0,2.0,5000.0,13.0,5.0,0.0,16.51,Unisoc T606,6799.0
220,REDMI Note 12 Pro 5G,Glacier Blue,128.0,6.0,5000.0,50.0,16.0,0.0,16.94,Mediatek Dimensity 1080,23999.0
221,vivo T1 44W,Starry Sky,128.0,4.0,5000.0,50.0,16.0,0.0,16.36,Qualcomm Snapdragon 680,14499.0
222,SAMSUNG Galaxy S22 Plus 5G,Phantom Black,128.0,8.0,4500.0,50.0,10.0,0.0,16.76,Qualcomm Snapdragon 8 Gen 1,49999.0
223,Infinix Zero 5G 2023,Pearly White,128.0,8.0,5000.0,50.0,16.0,0.0,17.22,Mediatek Dimensity 920,15999.0
224,POCO X5 Pro 5G,Yellow,256.0,8.0,5000.0,108.0,16.0,0.0,16.94,Qualcomm Snapdragon 778G,23999.0
225,vivo V27 5G,Noble Black,128.0,8.0,4600.0,50.0,50.0,0.0,17.22,Mediatek Dimensity 7200 5G,32999.0
226,realme Narzo 50,Speed Blue,64.0,4.0,5000.0,50.0,16.0,0.0,16.76,Mediatek Helio G96,12999.0
227,Infinix HOT 20 Play,Fantasy Purple,64.0,4.0,6000.0,13.0,8.0,1.0,17.32,MediaTek G37,8499.0
228,Infinix HOT 20 Play,Aurora Green,64.0,4.0,6000.0,13.0,8.0,1.0,17.32,MediaTek G37,8499.0
229,Infinix HOT 20 Play,Luna Blue,64.0,4.0,6000.0,13.0,8.0,1.0,17.32,MediaTek G37,8499.0
230,Infinix HOT 20 Play,Racing Black,64.0,4.0,6000.0,13.0,8.0,1.0,17.32,MediaTek G37,8499.0
231,realme Narzo 50,Speed Blue,128.0,6.0,5000.0,50.0,16.0,0.0,16.76,Mediatek Helio G96,12999.0
232,POCO X5 5G,Supernova Green,256.0,8.0,5000.0,48.0,13.0,0.0,16.94,Qualcomm Snapdragon 695,17999.0
233,MOTOROLA g52,Charcoal Grey,128.0,6.0,5000.0,50.0,16.0,0.0,16.76,Qualcomm Snapdragon 680,13999.0
234,vivo T1 44W,Starry Sky,128.0,8.0,5000.0,50.0,16.0,0.0,16.36,Qualcomm Snapdragon 680,17999.0
235,vivo T1 44W,Midnight Galaxy,128.0,6.0,5000.0,50.0,16.0,0.0,16.36,Qualcomm Snapdragon 680,15999.0
236,realme Narzo 50,Speed Black,128.0,6.0,5000.0,50.0,16.0,0.0,16.76,Mediatek Helio G96,12999.0
237,OPPO A17k,Blue,64.0,3.0,5000.0,8.0,5.0,0.0,16.66,Mediatek Helio P35,9499.0
238,REDMI Note 12 Pro 5G,Stardust Purple,128.0,8.0,5000.0,50.0,16.0,0.0,16.94,Mediatek Dimensity 1080,25999.0
239,vivo V27 5G,Magic Blue,128.0,8.0,4600.0,50.0,50.0,0.0,17.22,Mediatek Dimensity 7200 5G,32999.0
240,realme C25s,Watery Blue,128.0,4.0,6000.0,13.0,8.0,0.0,16.51,MediaTek Helio G85,10999.0
241,Infinix Zero 5G 2023,Coral Orange,128.0,8.0,5000.0,50.0,16.0,0.0,17.22,Mediatek Dimensity 920,15999.0
242,POCO F5 5G,Snowstorm White,256.0,8.0,5000.0,64.0,16.0,0.0,16.94,Qualcomm Snapdragon 7+ Gen 2 (4nm),29999.0
243,redmi max,M3),16.0,2.0,5000.0,13.0,5.0,0.0,15.46,Octa Core,4999.0
244,redmi max,M3),16.0,8.0,1200.0,2.0,0.0,0.0,6.1,MT6260A,3549.0
245,redmi mono,M3),16.0,4.0,1000.0,0.0,0.0,0.0,4.5,MTK6261D,1699.0
246,redmi min,M3),16.0,4.0,1000.0,0.0,0.0,0.0,4.57,Spreadtrum,920.0
247,redmi min,M3),16.0,4.0,1000.0,0.0,0.0,0.0,4.57,Spreadtrum,920.0
248,REDMI 10,Midnight Black,128.0,6.0,6000.0,50.0,5.0,0.0,17.02,Qualcomm Snapdragon 680,10999.0
249,OPPO A17,Lake Blue,64.0,4.0,5000.0,50.0,5.0,0.0,16.66,Mediatek Helio G35,11970.0
250,micromax,Lake Blue,64.0,4.0,1500.0,0.0,0.0,0.0,6.1,Mediatek MT6261D,1199.0
251,REDMI Note 12,Sunrise Gold,128.0,6.0,5000.0,50.0,13.0,0.0,16.94,Snapdragon 685,16999.0
252,REDMI 11 Prime,Playful Green,128.0,6.0,5000.0,50.0,8.0,0.0,16.71,Helio G99,11999.0
253,REDMI Note 12 Pro 5G,Onyx Black,128.0,8.0,5000.0,50.0,16.0,0.0,16.94,Mediatek Dimensity 1080,25999.0
254,Micromax IN 2C,Silver,32.0,3.0,5000.0,8.0,5.0,0.0,16.56,Unisoc T610,5999.0
255,REDMI Note 12 Pro+ 5G,Arctic White,256.0,8.0,4980.0,200.0,16.0,0.0,16.94,Mediatek Dimensity 1080,29999.0
257,REDMI Note 12,Lunar Black,128.0,6.0,5000.0,50.0,13.0,0.0,16.94,Snapdragon 685,16999.0
258,OPPO A17,Sunlight Orange,64.0,4.0,5000.0,50.0,5.0,0.0,16.66,Mediatek Helio G35,12499.0
259,OPPO A17,Midnight Black,64.0,4.0,5000.0,50.0,5.0,0.0,16.66,Mediatek Helio G35,12499.0
260,POCO X5 Pro 5G,Yellow,128.0,6.0,5000.0,108.0,16.0,0.0,16.94,Qualcomm Snapdragon 778G,21999.0
261,realme 9 Pro+ 5G,Aurora Green,256.0,8.0,4500.0,50.0,16.0,0.0,16.26,Mediatek Dimensity 920,21999.0
262,realme 9 Pro+ 5G,Midnight Black,256.0,8.0,4500.0,50.0,16.0,0.0,16.26,Mediatek Dimensity 920,21999.0
263,REDMI 11 Prime,Playful Green,64.0,4.0,5000.0,50.0,8.0,0.0,16.71,Helio G99,9999.0
264,REDMI Note 12 Pro 5G,Glacier Blue,256.0,8.0,5000.0,50.0,16.0,0.0,16.94,Mediatek Dimensity 1080,26999.0
265,REDMI Note 12 Pro 5G,Onyx Black,128.0,6.0,5000.0,50.0,16.0,0.0,16.94,Mediatek Dimensity 1080,23999.0
266,REDMI Note 12,Ice Blue,128.0,6.0,5000.0,50.0,13.0,0.0,16.94,Snapdragon 685,16999.0
269,realme Narzo 30,Racing Silver,64.0,4.0,5000.0,48.0,16.0,0.0,16.51,MediaTek Helio G95,13499.0
270,POCO X5 Pro 5G,Astral Black,128.0,6.0,5000.0,108.0,16.0,0.0,16.94,Qualcomm Snapdragon 778G,21999.0
271,Infinix Hot 12,Exploratory Blue,64.0,4.0,6000.0,50.0,8.0,1.0,17.32,Meditek Helio G37,8999.0
272,Infinix Hot 12,Polar Black,64.0,4.0,6000.0,50.0,8.0,1.0,17.32,Meditek Helio G37,8999.0
273,Infinix Hot 12,7Â° Purple,64.0,4.0,6000.0,50.0,8.0,1.0,17.32,Meditek Helio G37,8999.0
274,Infinix Hot 12,Turquoise Cyan,64.0,4.0,6000.0,50.0,8.0,1.0,17.32,Meditek Helio G37,8999.0
275,REDMI Note 12 Pro+ 5G,Iceberg Blue,256.0,4.0,4980.0,200.0,16.0,0.0,16.94,Mediatek Dimensity 1080,32999.0
276,MOTOROLA G32,Mineral Gray,64.0,4.0,5000.0,50.0,16.0,0.0,16.64,Qualcomm Snapdragon 680,10999.0
277,MOTOROLA g72,Meteorite Grey,128.0,6.0,5000.0,108.0,16.0,0.0,16.64,Mediatek Helio G99,16999.0
278,Micromax IN 2C,Brown,32.0,3.0,5000.0,8.0,5.0,0.0,16.56,Unisoc T610,5999.0
279,vivo Y16,Drizzling Gold,128.0,4.0,5000.0,13.0,5.0,0.0,16.54,Mediatek Helio P35,12990.0
280,MOTOROLA Edge 40,Lunar Blue,256.0,8.0,4400.0,50.0,32.0,0.0,16.64,Dimensity 8020,29999.0
281,POCO X4 Pro 5G,Yellow,64.0,6.0,5000.0,64.0,16.0,0.0,16.94,Qualcomm Snapdragon 695 5G,16499.0
282,POCO F5 5G,Carbon Black,256.0,8.0,5000.0,64.0,16.0,0.0,16.94,Qualcomm Snapdragon 7+ Gen 2 (4nm),29999.0
283,realme 9 Pro+ 5G,Sunrise Blue,256.0,8.0,4500.0,50.0,16.0,0.0,16.26,Mediatek Dimensity 920,21999.0
284,realme Narzo 50i,Carbon Black,32.0,2.0,5000.0,8.0,5.0,0.0,16.51,SC9863A,6978.0
285,realme Narzo 50i,Mint Green,32.0,2.0,5000.0,8.0,5.0,0.0,16.51,SC9863A,7370.0
286,REDMI Note 12 Pro+ 5G,Arctic White,256.0,2.0,4980.0,200.0,16.0,0.0,16.94,Mediatek Dimensity 1080,32999.0
287,MOTOROLA e13,Creamy White,64.0,2.0,5000.0,13.0,5.0,0.0,16.51,Unisoc T606,6799.0
288,SAMSUNG Galaxy F23 5G,Forest Green,128.0,4.0,5000.0,50.0,8.0,0.0,16.76,Qualcomm Snapdragon 750G,15999.0
289,SAMSUNG Galaxy Z Flip3 5G,Phantom Black,128.0,8.0,3300.0,12.0,10.0,0.0,17.02,Qualcomm Snapdragon 888 Octa-Core,44999.0
290,POCO M4 Pro 5G,Cool Blue,128.0,6.0,5000.0,50.0,16.0,0.0,16.76,Mediatek Dimensity 810,16999.0
291,MOTOROLA g42,Atlantic Green,64.0,4.0,5000.0,50.0,16.0,0.0,16.43,Qualcomm Snapdragon 680,13999.0
292,POCO M4 5G,Cool Blue,128.0,6.0,5000.0,50.0,8.0,0.0,16.71,Mediatek Dimensity 700,13999.0
294,realme C33,Night Sea,32.0,3.0,5000.0,50.0,5.0,0.0,16.51,Unisoc T612,8999.0
295,realme C33,Aqua Blue,32.0,3.0,5000.0,50.0,5.0,0.0,16.51,Unisoc T612,8999.0
296,realme Narzo 50i Prime,Dark Blue,64.0,4.0,5000.0,8.0,5.0,0.0,16.51,Unisoc T612 processor,8995.0
297,Infinix Zero 20,Green Fantasy,128.0,8.0,4500.0,108.0,60.0,0.0,17.02,Mediatek G99,15999.0
298,Infinix Zero 20,DEEP GRAY,128.0,8.0,4500.0,108.0,60.0,0.0,17.02,Mediatek G99,15999.0
299,realme 8,Punk Black,128.0,4.0,5000.0,64.0,16.0,0.0,16.26,MediaTek Helio G95,13499.0
300,realme C33,Night Sea,64.0,4.0,5000.0,50.0,5.0,0.0,16.51,Unisoc T612,9999.0
301,realme C33,Sandy Gold,64.0,4.0,5000.0,50.0,5.0,0.0,16.51,Unisoc T612,9999.0
302,realme C33,Aqua Blue,64.0,4.0,5000.0,50.0,5.0,0.0,16.51,Unisoc T612,9999.0
303,realme 8,Cyber Black,128.0,8.0,5000.0,64.0,16.0,0.0,16.26,MediaTek Helio G95,15499.0
304,vivo Y35,Dawn Gold,128.0,8.0,5000.0,50.0,16.0,0.0,16.71,Qualcomm Snapdragon 680,16999.0
305,vivo Y35,Agate Black,128.0,8.0,5000.0,50.0,16.0,0.0,16.71,Qualcomm Snapdragon 680,16999.0
306,MOTOROLA Edge 30,Aurora Green,128.0,8.0,4020.0,50.0,32.0,0.0,16.64,Qualcomm Snapdragon 778G Plus,24999.0
307,MOTOROLA g72,Polar Blue,128.0,6.0,5000.0,108.0,16.0,0.0,16.64,Mediatek Helio G99,16999.0
308,MOTOROLA g52,Charcoal Grey,64.0,4.0,5000.0,50.0,16.0,0.0,16.76,Qualcomm Snapdragon 680,11249.0
309,MOTOROLA Edge 30 Fusion,Cosmic grey,128.0,8.0,4400.0,50.0,32.0,0.0,16.64,Qualcomm Snapdragon 888 +,34999.0
310,REDMI K50i 5G,Quick Silver,128.0,6.0,5080.0,64.0,16.0,0.0,16.76,Dimensity 8100,21174.0
311,Infinix Note 12,Force Black,64.0,4.0,5000.0,50.0,16.0,1.0,17.02,MediaTek Helio G88,10999.0
312,Google Pixel 7a,Sea,128.0,8.0,4300.0,64.0,13.0,0.0,15.49,Tensor G2,43999.0
313,Google Pixel 7a,Charcoal,128.0,8.0,4300.0,64.0,13.0,0.0,15.49,Tensor G2,43999.0
314,Tecno Spark 9,Infinity Black,64.0,4.0,5000.0,13.0,8.0,0.0,16.76,MediaTek Helio G37,7993.0
315,Tecno Spark 9,Sky Mirror,64.0,4.0,5000.0,13.0,8.0,0.0,16.76,MediaTek Helio G37,8069.0
316,MOTOROLA Edge 30,Meteor Grey,128.0,8.0,4020.0,50.0,32.0,0.0,16.64,Qualcomm Snapdragon 778G Plus,24999.0
317,OPPO Reno8T 5G,Sunrise Gold,128.0,8.0,4800.0,108.0,32.0,0.0,17.02,Qualcomm Snapdragon 695,29999.0
318,SAMSUNG Galaxy A14 5G,Dark Red,64.0,4.0,5000.0,50.0,13.0,0.0,16.76,SEC S5E8535 (Exynos 1330),16499.0
319,MOTOROLA g13,Matte Charcoal,64.0,4.0,5000.0,50.0,8.0,0.0,16.51,Helio G85,9499.0
320,REDMI Note 12 Pro 5G,Glacier Blue,128.0,8.0,5000.0,50.0,16.0,0.0,16.94,Mediatek Dimensity 1080,25999.0
321,POCO F5 5G,Electric Blue,256.0,8.0,5000.0,64.0,16.0,0.0,16.94,Qualcomm Snapdragon 7+ Gen 2 (4nm),29999.0
322,SAMSUNG Galaxy A14 5G,Black,128.0,6.0,5000.0,50.0,13.0,0.0,16.76,SEC S5E8535 (Exynos 1330),18999.0
323,OPPO Reno8T 5G,Midnight Black,128.0,8.0,4800.0,108.0,32.0,0.0,17.02,Qualcomm Snapdragon 695,29999.0
324,SAMSUNG Galaxy A14 5G,Light Green,128.0,6.0,5000.0,50.0,13.0,0.0,16.76,SEC S5E8535 (Exynos 1330),18999.0
326,Infinix Note 12,Force Black,128.0,6.0,5000.0,50.0,16.0,1.0,17.02,MediaTek Helio G88,12999.0
327,SAMSUNG Galaxy F23 5G,Aqua Blue,128.0,4.0,5000.0,50.0,8.0,0.0,16.76,Qualcomm Snapdragon 750G,15999.0
328,POCO C31,Shadow Gray,64.0,4.0,5000.0,13.0,5.0,0.0,16.59,MediaTek Helio G35,8999.0
329,REDMI 10,Pacific Blue,64.0,4.0,6000.0,50.0,5.0,0.0,17.02,Qualcomm Snapdragon 680,9499.0
330,POCO X2,Atlantis Blue,64.0,6.0,4500.0,64.0,20.0,0.0,16.94,Qualcomm Snapdragon 730G,17999.0
331,POCO F5 5G,Snowstorm White,256.0,6.0,5000.0,64.0,16.0,0.0,16.94,Qualcomm Snapdragon 7+ Gen 2 (4nm),32999.0
332,Google Pixel 7a,Snow,128.0,8.0,4300.0,64.0,13.0,0.0,15.49,Tensor G2,43999.0
333,nothing phone 1,White,128.0,8.0,4500.0,50.0,16.0,0.0,16.64,Qualcomm Snapdragon 778G+,30499.0
334,Google Pixel 6a,chalk,128.0,8.0,4500.0,50.0,16.0,0.0,16.64,Qualcomm Snapdragon 778G+,30999.0
335,I Kall Z19Pro Flash blue,Flash Blue,64.0,4.0,5000.0,13.0,8.0,0.0,16.51,Octa Core,7999.0
336,MOTOROLA G32,Satin Silver,64.0,4.0,5000.0,50.0,16.0,0.0,16.64,Qualcomm Snapdragon 680,10999.0
337,Tecno Spark 9T,Turquoise Cyan,64.0,4.0,5000.0,50.0,8.0,0.0,16.76,MediaTek Helio G35,9290.0
338,POCO M4 Pro 5G,Yellow,64.0,4.0,5000.0,50.0,16.0,0.0,16.76,Mediatek Dimensity 810,14999.0
339,Tecno Spark 9T,Iris Purple,64.0,4.0,5000.0,50.0,8.0,0.0,16.76,MediaTek Helio G35,8449.0
340,Infinix Zero 5G 2023 TURBO,Pearly White,256.0,8.0,5000.0,50.0,16.0,0.0,17.22,Mediatek Dimensity 1080,17999.0
341,Tecno Spark 9T,Tahiti Gold,64.0,4.0,5000.0,50.0,8.0,0.0,16.76,MediaTek Helio G35,8495.0
342,Infinix Zero 5G 2023 TURBO,Submariner Black,256.0,8.0,5000.0,50.0,16.0,0.0,17.22,Mediatek Dimensity 1080,17999.0
343,I Kall Z19Pro,Blue,64.0,4.0,5000.0,13.0,8.0,0.0,16.51,Octa Core,7999.0
344,vivo Y16,Steller Black,64.0,4.0,5000.0,13.0,5.0,0.0,16.54,Mediatek Helio P35,11999.0
345,vivo Y16,Drizzling Gold,64.0,3.0,5000.0,13.0,5.0,0.0,16.54,Mediatek Helio P35,10499.0
346,vivo Y16,Steller Black,128.0,4.0,5000.0,13.0,5.0,0.0,16.54,Mediatek Helio P35,12999.0
349,nothing phone 1,Black,128.0,8.0,4500.0,50.0,16.0,0.0,16.64,Qualcomm Snapdragon 778G+,29499.0
350,REDMI K50i 5G,Stealth Black,128.0,6.0,5080.0,64.0,16.0,0.0,16.76,Dimensity 8100,20998.0
352,Tecno Spark 9T,Turquoise Cyan,64.0,4.0,5000.0,50.0,8.0,0.0,16.76,MediaTek Helio G35,9290.0
353,REDMI K50i 5G,Quick Silver,256.0,8.0,5080.0,64.0,16.0,0.0,16.76,Dimensity 8100,23999.0
354,OPPO A78 5G,Glowing Black,128.0,8.0,5000.0,13.0,5.0,0.0,16.66,Android,19280.0
355,Tecno Spark 9T,Atlantic Blue,64.0,4.0,5000.0,50.0,8.0,0.0,16.76,MediaTek Helio G35,8649.0
356,Infinix Zero 5G 2023 TURBO,Coral Orange,256.0,8.0,5000.0,50.0,16.0,0.0,17.22,Mediatek Dimensity 1080,17999.0
358,vivo Y16,Steller Black,64.0,3.0,5000.0,13.0,5.0,0.0,16.54,Mediatek Helio P35,10999.0
360,POCO X4 Pro 5G,Laser Black,128.0,8.0,5000.0,64.0,16.0,0.0,16.94,Qualcomm Snapdragon 695 5G,19499.0
361,realme Narzo 50i,Carbon Black,64.0,4.0,5000.0,8.0,5.0,0.0,16.51,SC9863A,9349.0
362,POCO X4 Pro 5G,Laser Black,128.0,8.0,5000.0,64.0,16.0,0.0,16.94,Qualcomm Snapdragon 695 5G,19499.0
363,Tecno Spark Go 2023,Endless Black,64.0,4.0,5000.0,13.0,5.0,0.0,16.66,"2GHz, Quad Core ",8288.0
364,REDMI 10 Prime 2022,Astral White,64.0,4.0,6000.0,50.0,13.0,0.0,16.51,Helio G88,12272.0
365,Tecno Spark Go 2023,Endless Black,32.0,3.0,5000.0,13.0,5.0,0.0,16.66,"2GHz, Quad Core ",6794.0
366,SAMSUNG Galaxy A23 5G,Light Blue,128.0,6.0,5000.0,50.0,8.0,0.0,16.76,Qualcomm Snapdragon 695 (SM6375),21999.0
367,SAMSUNG Galaxy A14 5G,Dark Red,128.0,6.0,5000.0,50.0,13.0,0.0,16.76,SEC S5E8535 (Exynos 1330),18999.0
371,REDMI Note 12 Pro+ 5G,Obsidian Black,256.0,4.0,4980.0,200.0,16.0,0.0,16.94,Mediatek Dimensity 1080,32999.0
372,realme C35,Glowing Black,64.0,4.0,5000.0,50.0,8.0,0.0,16.76,Unisoc Tiger T616,9699.0
374,realme C35,Glowing Black,128.0,4.0,5000.0,50.0,8.0,0.0,16.76,Unisoc Tiger T616,10699.0
375,MOTOROLA g22,Cosmic Black,64.0,4.0,5000.0,50.0,16.0,0.0,16.51,Mediatek Helio G37,10999.0
376,itel A60,VertMenthe,32.0,2.0,5000.0,8.0,5.0,0.0,16.76,Unisoc,5999.0
377,vivo Y16,Drizzling Gold,64.0,4.0,5000.0,13.0,5.0,0.0,16.54,Mediatek Helio P35,11999.0
379,vivo V23 5G,Stardust Black,256.0,4.0,4200.0,64.0,50.0,0.0,16.36,Mediatek Dimensity 920,27540.0
380,OnePlus Nord 2T 5G,Gray Shadow,128.0,8.0,4500.0,50.0,32.0,0.0,17.02,Oxygen OS,27877.0
381,SAMSUNG Galaxy A23 5G,Orange,128.0,6.0,5000.0,50.0,8.0,0.0,16.76,Qualcomm Snapdragon 695 (SM6375),21999.0
382,itel A60,SapphireBlack,32.0,2.0,5000.0,8.0,5.0,0.0,16.76,Unisoc,5990.0
383,itel A60,DawnBlue,32.0,2.0,5000.0,8.0,5.0,0.0,16.76,Unisoc,5999.0
384,REDMI K50i 5G,Phantom Blue,128.0,6.0,5080.0,64.0,16.0,0.0,16.76,Dimensity 8100,21499.0
385,POCO M4 Pro 5G,Cool Blue,128.0,8.0,5000.0,50.0,16.0,0.0,16.76,Mediatek Dimensity 810,15999.0
386,MOTOROLA G42,Metallic Rose,64.0,4.0,5000.0,50.0,16.0,0.0,16.43,Qualcomm Snapdragon 680,11980.0
387,Infinix Smart 6,Starry Purple,64.0,2.0,5000.0,8.0,5.0,0.0,16.76,Mediatek Helio A22,6999.0
388,Infinix Smart 6,Heart Of Ocean,64.0,2.0,5000.0,8.0,5.0,0.0,16.76,Mediatek Helio A22,6999.0
389,Infinix Smart 6,Light Sea Green,64.0,2.0,5000.0,8.0,5.0,0.0,16.76,Mediatek Helio A22,6999.0
390,Infinix Smart 6,Polar Black,64.0,2.0,5000.0,8.0,5.0,0.0,16.76,Mediatek Helio A22,6999.0
391,realme 10 Pro+ 5G,Nebula Blue,128.0,8.0,5000.0,108.0,16.0,0.0,17.02,Mediatek Dimensity 1080 5G,23999.0
392,realme 9i,Prism Blue,64.0,4.0,5000.0,50.0,16.0,0.0,16.76,Qualcomm Snapdragon 680 (SM6225),11999.0
393,realme 9i,Prism Black,128.0,4.0,5000.0,50.0,16.0,0.0,16.76,Qualcomm Snapdragon 680 (SM6225),13499.0
396,SAMSUNG Galaxy A14 5G,Light Green,64.0,4.0,5000.0,50.0,13.0,0.0,16.76,SEC S5E8535 (Exynos 1330),16499.0
397,SAMSUNG Galaxy A34 5G,Awesome Graphite,256.0,8.0,5000.0,48.0,13.0,0.0,16.76,"Dimensity 1080, Octa Core ",32999.0
398,realme Narzo N55,Prime Blue,64.0,4.0,5000.0,64.0,8.0,0.0,17.07,Mediatek Helio G88,11349.0
400,SAMSUNG Galaxy A34 5G,Awesome Silver,128.0,8.0,5000.0,48.0,13.0,0.0,16.76,"Dimensity 1080, Octa Core ",30999.0
406,OPPO A17k,Navy Blue,64.0,3.0,5000.0,8.0,5.0,0.0,16.66,Mediatek Helio P35,9499.0
407,OPPO A17K,Navy Blue,64.0,3.0,5000.0,8.0,5.0,0.0,16.66,Mediatek Helio G35,9790.0
408,OPPO A17k,Gold,64.0,3.0,5000.0,8.0,5.0,0.0,16.66,Mediatek Helio P35,9499.0
409,OnePlus Nord 2T 5G,Jade Fog,128.0,8.0,4500.0,50.0,32.0,0.0,17.02,Oxygen OS,28298.0
410,realme 10 Pro+ 5G,Dark Matter,128.0,8.0,5000.0,108.0,16.0,0.0,17.02,Mediatek Dimensity 1080 5G,23999.0
411,realme 10 Pro+ 5G,Hyperspace,128.0,8.0,5000.0,108.0,16.0,0.0,17.02,Mediatek Dimensity 1080 5G,23999.0
414,realme 10 Pro+ 5G,Nebula Blue,128.0,6.0,5000.0,108.0,16.0,0.0,17.02,Mediatek Dimensity 1080 5G,22999.0
415,realme 10 Pro+ 5G,Hyperspace,128.0,6.0,5000.0,108.0,16.0,0.0,17.02,Mediatek Dimensity 1080 5G,22999.0
416,realme 10 Pro+ 5G,Dark Matter,128.0,6.0,5000.0,108.0,16.0,0.0,17.02,Mediatek Dimensity 1080 5G,22999.0
417,POCO M4 Pro,Power Black,128.0,8.0,5000.0,64.0,16.0,0.0,16.33,Mediatek Helio G96,13999.0
418,Tecno Pop 5 Pro,Ice Blue,32.0,3.0,6000.0,8.0,5.0,0.0,16.56,Helio A22,7049.0
419,Tecno Pop 5 Pro,Deepsea Luster,32.0,3.0,6000.0,8.0,5.0,0.0,16.56,Helio A22,6960.0
420,SAMSUNG Galaxy M04,Dark Blue,128.0,4.0,5000.0,13.0,5.0,0.0,16.51,MediaTek Helio P35,9104.0
421,vivo V27 5G,Magic Blue,256.0,4.0,4600.0,50.0,50.0,0.0,17.22,Mediatek Dimensity 7200 5G,36999.0
422,REDMI 9 Activ,Carbon Black,128.0,6.0,5000.0,13.0,5.0,0.0,16.59,Mediatek Helio G35,9499.0
423,OPPO A77s,Sunset Orange,128.0,8.0,5000.0,50.0,8.0,0.0,16.66,Qualcomm Snapdragon 680,16499.0
424,realme C30s,Stripe Blue,32.0,2.0,5000.0,8.0,5.0,0.0,16.51,Unisoc SC9863A/ Unisoc SC9863A1,6999.0
427,MOTOROLA Edge 30 Ultra,Interstellar Black,256.0,4.0,4610.0,200.0,60.0,0.0,16.94,Qualcomm Snapdragon 8+ Gen 1,49999.0
429,SAMSUNG Galaxy A23 5G,Silver,128.0,6.0,5000.0,50.0,8.0,0.0,16.76,Qualcomm Snapdragon 695 (SM6375),21999.0
430,SAMSUNG Galaxy A14 5G,Dark Red,128.0,8.0,5000.0,50.0,13.0,0.0,16.76,SEC S5E8535 (Exynos 1330),20999.0
431,SAMSUNG Galaxy A34 5G,Awesome Graphite,128.0,8.0,5000.0,48.0,13.0,0.0,16.76,"Dimensity 1080, Octa Core ",30999.0
432,IQOO Neo 7 5G,Frost Blue,128.0,8.0,5000.0,64.0,16.0,0.0,17.22,Snapdragon 8 Gen 1,30385.0
434,vivo Y56 5G,Black Engine,128.0,8.0,5000.0,50.0,16.0,0.0,16.71,Mediatek Dimensity 700,19999.0
435,Infinix Note 12 5G,Snowfall,64.0,6.0,5000.0,50.0,16.0,1.0,17.02,Mediatek Dimensity 810 5G,14999.0
436,Infinix HOT 12 Play,Racing Black,64.0,4.0,6000.0,13.0,8.0,0.0,17.32,Unisoc T610,8999.0
437,POCO F5 5G,Electric Blue,256.0,4.0,5000.0,64.0,16.0,0.0,16.94,Qualcomm Snapdragon 7+ Gen 2 (4nm),32999.0
438,vivo Y75,Dancing waves,128.0,8.0,4050.0,50.0,44.0,0.0,16.36,Mediatek G96,19990.0
440,realme C30s,Stripe Black,32.0,2.0,5000.0,8.0,5.0,0.0,16.51,Unisoc SC9863A/ Unisoc SC9863A1,6999.0
441,POCO X4 Pro 5G,Laser Blue,128.0,8.0,5000.0,64.0,16.0,0.0,16.94,Qualcomm Snapdragon 695 5G,19499.0
444,realme Narzo 50A Prime,Flash Blue,128.0,4.0,5000.0,50.0,8.0,0.0,16.76,Unisoc T612,12900.0
445,SAMSUNG Galaxy A14 5G,Black,64.0,4.0,5000.0,50.0,13.0,0.0,16.76,SEC S5E8535 (Exynos 1330),16499.0
446,Tecno Spark 9,Sky Mirror,64.0,3.0,5000.0,13.0,8.0,0.0,16.76,MediaTek Helio G37,8990.0
447,realme NARZO 50A PRIME,FLASH BLUE,64.0,4.0,5000.0,50.0,8.0,0.0,16.76,Unisoc T612,10943.0
452,Google Pixel 7,Snow,128.0,8.0,4270.0,50.0,8.0,0.0,16.0,Google Tensor G2,55999.0
453,Google Pixel 7,Obsidian,128.0,8.0,4270.0,50.0,8.0,0.0,16.0,Google Tensor G2,55999.0
454,POCO F1,Steel Blue,64.0,6.0,4000.0,12.0,20.0,0.0,15.7,Qualcomm Snapdragon 845,13489.0
455,MOTOROLA Edge 30 Fusion,Solar Gold,128.0,8.0,4400.0,50.0,32.0,0.0,16.64,Qualcomm Snapdragon 888 +,34999.0
456,POCO F5 5G,Carbon Black,256.0,8.0,5000.0,64.0,16.0,0.0,16.94,Qualcomm Snapdragon 7+ Gen 2 (4nm),32999.0
458,vivo Y12G,Phantom Black,64.0,3.0,5000.0,13.0,8.0,0.0,16.54,Qualcomm Snapdragon 439,11209.0
460,REDMI Note 12 Pro 5G,Onyx Black,256.0,8.0,5000.0,50.0,16.0,0.0,16.94,Mediatek Dimensity 1080,26999.0
465,realme C30s,Stripe Black,64.0,4.0,5000.0,8.0,5.0,0.0,16.51,Unisoc SC9863A/ Unisoc SC9863A1,8499.0
467,realme C30s,Stripe Black,64.0,4.0,5000.0,8.0,5.0,0.0,16.51,Unisoc SC9863A/ Unisoc SC9863A1,8499.0
469,SAMSUNG Galaxy A14 5G,Black,128.0,8.0,5000.0,50.0,13.0,0.0,16.76,SEC S5E8535 (Exynos 1330),20999.0
472,Google Pixel 7,Lemongrass,128.0,8.0,4270.0,50.0,8.0,0.0,16.0,Google Tensor G2,55999.0
473,SAMSUNG Galaxy A23,Black,128.0,6.0,5000.0,50.0,8.0,0.0,16.76,Octa-core(EXYNOS),17499.0
475,vivo Y56 5G,Orange Shimmer,128.0,8.0,5000.0,50.0,16.0,0.0,16.71,Mediatek Dimensity 700,19999.0
476,vivo Y56 5G,Black Engine,128.0,4.0,5000.0,50.0,16.0,0.0,16.71,Mediatek Dimensity 700,17999.0
477,realme Narzo 50A,Oxygen Blue,64.0,4.0,6000.0,50.0,8.0,0.0,16.51,MediaTek Helio G85,11499.0
478,vivo Y75,Moonlight Shadow,128.0,8.0,4050.0,50.0,44.0,0.0,16.36,Mediatek G96,16988.0
479,vivo Y16,Stellar Black,128.0,4.0,5000.0,13.0,5.0,0.0,16.54,Mediatek Helio P35,12989.0
480,MOTOROLA g52,Metallic White,128.0,6.0,5000.0,50.0,16.0,0.0,16.76,Qualcomm Snapdragon 680,13999.0
481,vivo Y100 5G,Pacific Blue,128.0,8.0,4500.0,64.0,16.0,0.0,16.21,Mediatek Dimensity 900,23999.0
482,Redmi 9A Sport,Coral Green,32.0,2.0,5000.0,13.0,5.0,0.0,16.59,Helio G25,7190.0
483,Redmi 9A Sport,Coral Green,32.0,3.0,5000.0,13.0,5.0,0.0,16.59,Helio G25,7990.0
484,vivo Y100 5G,Pacific Blue,128.0,8.0,4500.0,64.0,16.0,0.0,16.21,Mediatek Dimensity 900,23999.0
485,SAMSUNG Galaxy A14 5G,Light Green,128.0,8.0,5000.0,50.0,13.0,0.0,16.76,SEC S5E8535 (Exynos 1330),20999.0
486,REDMI Note 11,Horizon Blue,64.0,4.0,5000.0,50.0,13.0,0.0,16.33,Snapdragon 680,12990.0
487,vivo V25 5G,Elegant Black,128.0,8.0,4500.0,64.0,50.0,0.0,16.36,Mediatek Dimensity 900,27999.0
488,SAMSUNG Galaxy A34 5G,Awesome Violet,256.0,8.0,5000.0,48.0,13.0,0.0,16.76,"Dimensity 1080, Octa Core ",32999.0
489,Infinix Note 12 5G,Force Black,64.0,6.0,5000.0,50.0,16.0,1.0,17.02,Mediatek Dimensity 810 5G,14999.0
491,MOTOROLA g42,Metallic Rose,64.0,4.0,5000.0,50.0,16.0,0.0,16.43,Qualcomm Snapdragon 680,13999.0
493,SAMSUNG Galaxy A34 5G,Awesome Violet,128.0,8.0,5000.0,48.0,13.0,0.0,16.76,"Dimensity 1080, Octa Core ",30999.0
494,SAMSUNG Galaxy S21 FE 5G,Olive Green,128.0,8.0,4500.0,12.0,32.0,0.0,16.26,snapdragon 888,32999.0
498,REDMI Note 11T 5G,Stardust White,128.0,8.0,5000.0,50.0,16.0,0.0,16.76,Mediatek Dimensity 810,19397.0
501,vivo V25 5G,Surfing Blue,128.0,8.0,4500.0,64.0,50.0,0.0,16.36,Mediatek Dimensity 900,27999.0
502,vivo Y16,Steller Black,32.0,3.0,5000.0,13.0,5.0,0.0,16.54,Mediatek Helio P35,10989.0
503,vivo Y16,Drizzling Gold,32.0,3.0,5000.0,13.0,5.0,0.0,16.54,Mediatek Helio P35,10989.0
504,realme X3 SuperZoom,Glacier Blue,256.0,3.0,4200.0,64.0,16.0,0.0,16.69,Qualcomm Snapdragon 855,17999.0
505,OPPO F21 Pro,Sunset Orange,128.0,8.0,4500.0,64.0,32.0,0.0,16.33,Qualcomm Snapdragon 680,20999.0
506,REDMI Note 11S,Space Black,128.0,6.0,5000.0,108.0,16.0,0.0,16.33,Mediatek Dimensity 810,16990.0
513,Infinix HOT 12 Play,Horizon Blue,64.0,4.0,6000.0,13.0,8.0,0.0,17.32,Unisoc T610,8999.0
516,vivo V23 5G,Stardust Black,128.0,8.0,4200.0,64.0,16.0,0.0,16.36,Mediatek Dimensity 920,29990.0
517,OnePlus 8,Interstellar Glow,256.0,8.0,4300.0,48.0,32.0,0.0,16.64,Qualcomm Snapdragon 865,38920.0
518,vivo Y1s,Aurora Blue,32.0,3.0,4030.0,13.0,5.0,0.0,15.8,MediaTek Helio P35,9387.0
519,OnePlus 8,Glacial Green,128.0,6.0,4300.0,48.0,16.0,0.0,16.64,Qualcomm Snapdragon 865,29790.0
520,OnePlus Nord,Blue Marble,128.0,8.0,4115.0,48.0,13.0,0.0,16.36,QualcommÂ® Snapdragonâ_x0084_¢ 765G,24999.0
521,OPPO A77s,Starry Black,128.0,8.0,5000.0,50.0,8.0,0.0,16.66,Qualcomm Snapdragon 680,16499.0
522,Nokia C01 Plus,Grey,16.0,2.0,3000.0,5.0,2.0,0.0,13.84,Unisoc SC9863A,5799.0
523,POCO M4 Pro,Power Black,128.0,6.0,5000.0,64.0,16.0,0.0,16.33,Mediatek Helio G96,16499.0
526,REDMI 10A SPORT,SLATE GREY,128.0,6.0,5000.0,13.0,5.0,0.0,16.59,Helio G25,10890.0
527,REDMI 10A SPORT,CHARCOAL BLACK,128.0,6.0,5000.0,13.0,5.0,0.0,16.59,Helio G25,10548.0
530,realme GT 2,Steel Black,256.0,2.0,5000.0,50.0,16.0,0.0,16.81,Qualcomm Snapdragon 888,32299.0
531,SAMSUNG Galaxy A54 5G,Awesome Graphite,256.0,8.0,5000.0,50.0,32.0,0.0,16.26,"Exynos 1380, Octa Core ",40999.0
532,Nokia C01 Plus,Blue,32.0,2.0,3000.0,5.0,2.0,0.0,13.84,Unisoc SC9863A,6299.0
533,vivo Y33s,Mirror Black,128.0,8.0,5000.0,50.0,16.0,0.0,16.71,MediaTek Helio G80,16990.0
534,vivo Y56 5G,Orange Shimmer,128.0,4.0,5000.0,50.0,16.0,0.0,16.71,Mediatek Dimensity 700,17999.0
535,realme Narzo N55,Prime Black,64.0,4.0,5000.0,64.0,8.0,0.0,17.07,MediaTek Helio G88,11490.0
536,realme Narzo 50A Prime,Flash Black,128.0,4.0,5000.0,50.0,8.0,0.0,16.76,MediaTek Helio G88,12599.0
543,REDMI Note 10S,Frost White,128.0,6.0,5000.0,64.0,13.0,0.0,16.33,Mediatek Helio G95,16499.0
544,realme X3 SuperZoom,Arctic White,256.0,6.0,4200.0,64.0,32.0,0.0,16.69,Qualcomm Snapdragon 855+,17999.0
545,vivo V23 5G,Sunshine Gold,128.0,8.0,4200.0,64.0,16.0,0.0,16.36,Mediatek Dimensity 920,31989.0
546,APPLE iPhone 11,Black,64.0,8.0,3110.0,12.0,12.0,0.0,15.49,ios,41199.0
547,vivo T1 Pro 5G,Turbo Black,128.0,8.0,4700.0,64.0,16.0,0.0,16.36,Qualcomm Snapdragon 778G 5G Mobile Platform,24999.0
548,vivo T1 Pro 5G,Turbo Cyan,128.0,6.0,4700.0,64.0,16.0,0.0,16.36,Qualcomm Snapdragon 778G 5G Mobile Platform,23999.0
549,Infinix Smart 5A,Midnight Black,32.0,2.0,5000.0,8.0,8.0,0.0,16.56,MediaTek Helio A20,7199.0
551,SAMSUNG Galaxy F23 5G,Copper Blush,128.0,4.0,5000.0,50.0,8.0,0.0,16.76,Qualcomm Snapdragon 750G,15999.0
553,POCO C31,Royal Blue,64.0,4.0,5000.0,13.0,5.0,0.0,16.59,MediaTek G35,8999.0
556,POCO C31,Royal Blue,64.0,4.0,5000.0,13.0,5.0,0.0,16.59,MediaTek G35,8999.0
561,MOTOROLA e22s,Eco Black,64.0,4.0,5000.0,16.0,8.0,0.0,16.51,Mediatek Helio G37,8940.0
562,vivo T1 Pro 5G,Turbo Cyan,128.0,8.0,4700.0,64.0,16.0,0.0,16.36,Qualcomm Snapdragon 778G,24999.0
563,Tecno Spark Go 2023,Uyuni Blue,64.0,4.0,5000.0,13.0,5.0,0.0,16.66,MediaTek Helio A22,8288.0
564,POCO C31,Royal Blue,32.0,3.0,5000.0,13.0,5.0,0.0,16.59,MediaTek Helio G35,8499.0
565,Infinix Hot 12 Pro,Halo White,64.0,6.0,5000.0,50.0,8.0,0.0,16.76,Unisoc T616,9999.0
566,SAMSUNG Galaxy A23,Peach,128.0,6.0,5000.0,50.0,8.0,0.0,16.76,Octa-core(EXYNOS),17499.0
567,REDMI 9i,Midnight Black,64.0,4.0,5000.0,13.0,5.0,0.0,16.59,MediaTek Helio G25,8999.0
568,REDMI Note 9,Scarlet Red,128.0,6.0,5020.0,48.0,13.0,0.0,16.59,MediaTek Helio G85,14999.0
569,MOTOROLA Edge 30 Ultra,Starlight White,256.0,6.0,4610.0,200.0,60.0,0.0,16.94,Qualcomm Snapdragon 8+ Gen 1,49999.0
571,vivo Y565G,Orange Shimmer,128.0,8.0,5000.0,50.0,16.0,0.0,16.71,MTK Dimensity 700,19979.0
573,SAMSUNG M53 5G,Deep Ocean Blue,128.0,6.0,5000.0,108.0,32.0,0.0,17.02,Mediatek Dimensity 900,23390.0
574,REDMI Note 10 Lite,Glacier White,128.0,6.0,5020.0,48.0,16.0,0.0,16.94,Qualcomm Snapdragon 720G,14385.0
576,APPLE iPhone 14 Plus,Midnight,128.0,6.0,4323.0,12.0,12.0,0.0,17.02,IOS,80999.0
577,vivo V25 Pro 5G,Pure Black,256.0,6.0,4830.0,64.0,32.0,0.0,16.66,Mediatek Dimensity 1300,30874.0
579,Infinix Hot 12 Pro,Lightsaber Green,128.0,8.0,5000.0,108.0,8.0,0.0,16.76,Unisoc T616,12999.0
580,vivo V25 Pro 5G,Sailing Blue,128.0,8.0,4830.0,64.0,32.0,0.0,16.66,Mediatek Dimensity 1300,35999.0
581,Infinix Hot 11,Emerald Green,64.0,4.0,5200.0,13.0,8.0,0.0,16.76,MediaTek Helio G70,9999.0
582,Infinix Hot 11,Silver Wave,64.0,4.0,5200.0,13.0,8.0,0.0,16.76,MediaTek Helio G70,9999.0
583,Infinix Note 12 Pro,Tuscany Blue,256.0,8.0,5000.0,108.0,16.0,1.0,17.02,Mediatek Helio G99,16999.0
585,Infinix Note 12 Pro,Volcanic Grey,256.0,8.0,5000.0,108.0,16.0,1.0,17.02,Mediatek Helio G99,16999.0
586,vivo T1 Pro 5G,Turbo Black,128.0,6.0,4700.0,64.0,16.0,0.0,16.36,Qualcomm Snapdragon 778G 5G Mobile Platform,23999.0
587,Tecno Pova 3,Eco Black,128.0,6.0,7000.0,50.0,8.0,0.0,17.53,MediaTek Helio G88,13999.0
588,REDMI 12c,Royal Blue,128.0,6.0,5000.0,50.0,5.0,0.0,17.04,MediaTek Helio G85,10799.0
589,LAVA Z2,Flame Red,32.0,3.0,5000.0,13.0,8.0,0.0,16.55,MediaTek Helio G35,7999.0
590,Infinix Hot 12 Pro,Lightsaber Green,64.0,6.0,5000.0,50.0,8.0,0.0,16.76,Unisoc T616,9999.0
591,Infinix Hot 12 Pro,Racing Black,64.0,6.0,5000.0,50.0,8.0,0.0,16.76,Unisoc T616,9999.0
592,Infinix Hot 12 Pro,Electric Blue,64.0,6.0,5000.0,50.0,8.0,0.0,16.76,Unisoc T616,9999.0
593,realme Narzo 50A,Oxygen Green,128.0,4.0,6000.0,50.0,8.0,0.0,16.51,MediaTek Helio G85,11762.0
595,REDMI Note 11T 5G,Aquamarine Blue,128.0,6.0,5000.0,50.0,16.0,0.0,16.76,Mediatek Dimensity 810,18990.0
596,REDMI Note 11T 5G,Matte black,128.0,8.0,5000.0,50.0,16.0,0.0,16.76,Mediatek Dimensity 810,18999.0
597,Infinix Note 11s Free Fire Edition,Mithril Grey,128.0,8.0,5000.0,50.0,16.0,0.0,17.65,MediaTek Helio G96,15999.0
603,vivo V25 5G,Elegant Black,256.0,8.0,4500.0,64.0,50.0,0.0,16.36,Mediatek Dimensity 900,29418.0
605,vivo V25 Pro 5G,Sailing Blue,256.0,8.0,4830.0,64.0,32.0,0.0,16.66,Mediatek Dimensity 1300,33367.0
606,MOTOROLA g31,Meteorite Grey,64.0,4.0,5000.0,50.0,13.0,0.0,16.26,Mediatek Helio G85,11999.0
609,SAMSUNG Galaxy A54 5G,Awesome Violet,256.0,8.0,5000.0,50.0,32.0,0.0,16.26,"Exynos 1380, Octa Core ",40999.0
610,realme C11 2021,Cool Grey,32.0,2.0,5000.0,8.0,5.0,0.0,16.51,Octa-core,7499.0
611,vivo Y21T,Pearl White,128.0,4.0,5000.0,50.0,8.0,0.0,16.71,Qualcomm Snapdragon 680,15499.0
612,REDMI K50i 5G,Phantom Blue,256.0,8.0,5080.0,64.0,16.0,0.0,16.76,Dimensity 8100,29990.0
613,Tecno Spark Go 2023,Nebula Purple,32.0,3.0,5000.0,13.0,5.0,0.0,16.66,MediaTek Helio A22,7280.0
614,APPLE iPhone 14 Plus,Purple,128.0,3.0,4323.0,12.0,12.0,0.0,17.02,6 Core,80999.0
615,Tecno Spark Go 2023,UYUNI BLUE,64.0,4.0,5000.0,13.0,5.0,0.0,16.66,Mediatek Helio A22,8999.0
616,IQOO Neo 7 5G,Frost Blue,256.0,4.0,5000.0,64.0,16.0,0.0,17.22,Dimensity 8200,34688.0
619,realme 9 5G,Meteor Black,64.0,4.0,5000.0,48.0,16.0,0.0,16.51,Mediatek Dimensity 810,13499.0
620,realme 9 5G,Supersonic Black,64.0,4.0,5000.0,48.0,16.0,0.0,16.51,Mediatek Dimensity 810,13499.0
621,APPLE iPhone 14 Plus,Starlight,128.0,4.0,4323.0,12.0,12.0,0.0,17.02,ios,80999.0
622,vivo Y100 5G,Metal Black,128.0,8.0,4500.0,64.0,16.0,0.0,16.21,Mediatek Dimensity 900,23999.0
623,vivo Y100 5G,Twilight Gold,128.0,8.0,4500.0,64.0,16.0,0.0,16.21,Mediatek Dimensity 900,23999.0
624,SAMSUNG Galaxy A23,Blue,128.0,6.0,5000.0,50.0,8.0,0.0,16.76,Octa-core(EXYNOS),17499.0
626,realme Narzo 50i Prime,Mint Green,64.0,4.0,5000.0,8.0,5.0,0.0,16.51,Unisoc T612 processor,8460.0
627,SAMSUNG Galaxy A04,Copper,128.0,4.0,5000.0,50.0,5.0,0.0,16.51,Mediatek Helio P35,12999.0
628,OPPO F21s Pro,Starlight Black,128.0,8.0,4500.0,64.0,16.0,0.0,16.33,Qualcomm SM6225 Snapdragon 680 4G (6 nm),20890.0
631,APPLE iPhone 12,Blue,64.0,8.0,2815.0,12.0,12.0,0.0,15.49,ios,53999.0
632,SAMSUNG Galaxy A13,Peach,128.0,6.0,5000.0,50.0,8.0,0.0,16.76,Exynos Octa Core,16499.0
633,Nokia G11 Plus,Grey,64.0,4.0,5000.0,50.0,8.0,0.0,16.55,Octa Core,9790.0
636,SAMSUNG Galaxy A04e,Light Blue,64.0,3.0,5000.0,13.0,5.0,0.0,16.51,Mediatek Helio P35,9999.0
637,SAMSUNG Galaxy S23 5G,Cream,256.0,8.0,3900.0,50.0,12.0,0.0,15.49,Qualcomm Snapdragon 8 Gen 2,79999.0
638,LAVA Z21,Cyan,32.0,2.0,3100.0,5.0,2.0,0.0,12.7,Octa Core,5998.0
639,Tecno Spark 8T,Turquoise Cyan,64.0,4.0,5000.0,50.0,8.0,0.0,16.76,MediaTek Helio G35,9990.0
641,SAMSUNG Galaxy A54 5G,Awesome Lime,128.0,8.0,5000.0,50.0,32.0,0.0,16.26,"Exynos 1380, Octa Core ",38999.0
642,OPPO A77,Sky Blue,128.0,4.0,5000.0,50.0,8.0,0.0,16.66,Mediatek Helio G35,15999.0
